client_id	path	sentence_id	sentence	sentence_domain	up_votes	down_votes	age	gender	accents	variant	locale	segment
d328f994e493b856989f2e208905450bf53f6b6afd382ce908d5fb15722c960985d4e225a82c5f942250d75f13839a3e94e3fab07164b77f486d0a19e9071382	common_voice_te_40116708.mp3	3016f804483380b2b5571d600ebd0b71f6791492c43d7bd141b1ed20d7ca9a3f	నాకు మీ పేరు తెలియదు		2	0			Andhra,Telangana		te	
d328f994e493b856989f2e208905450bf53f6b6afd382ce908d5fb15722c960985d4e225a82c5f942250d75f13839a3e94e3fab07164b77f486d0a19e9071382	common_voice_te_40116755.mp3	41d70a3d43ff4019042cbb30f995c707ff086e1de3154e35f873e136029e4348	అలాగే కమ్యూనికేషన్ వ్యవస్థను బలోపేతం చేసుకొనేందుకు అంగీకరించారు.		2	0	twenties	male_masculine	Andhra,Telangana		te	
d328f994e493b856989f2e208905450bf53f6b6afd382ce908d5fb15722c960985d4e225a82c5f942250d75f13839a3e94e3fab07164b77f486d0a19e9071382	common_voice_te_40116810.mp3	3ce19091efe95c2dee2eff811fbb5f4868dbc885be2e24bba34bc91521d1eb7e	ఆ మందహాసమని భావము		2	0	twenties	male_masculine	Andhra,Telangana		te	
d328f994e493b856989f2e208905450bf53f6b6afd382ce908d5fb15722c960985d4e225a82c5f942250d75f13839a3e94e3fab07164b77f486d0a19e9071382	common_voice_te_40116811.mp3	71722a549daa7744b66c6ee2f2554157bb44c16f14d8b4095783e0d8a0ffbed0	అందుకే పూర్తి వివరాలు సేకరిస్తున్నాము		2	0	twenties	male_masculine	Andhra,Telangana		te	
d328f994e493b856989f2e208905450bf53f6b6afd382ce908d5fb15722c960985d4e225a82c5f942250d75f13839a3e94e3fab07164b77f486d0a19e9071382	common_voice_te_40116838.mp3	3a4b6b6849611fbc0f3a8fc4308bc1a8710094ae69a51ce4b72216ec9c07567a	ఆ అబ్బాయి చెడ్డవాడు.		4	0	twenties	male_masculine	Andhra,Telangana		te	
d328f994e493b856989f2e208905450bf53f6b6afd382ce908d5fb15722c960985d4e225a82c5f942250d75f13839a3e94e3fab07164b77f486d0a19e9071382	common_voice_te_40116850.mp3	7fd3c499df62923b8817c5750f63e3f8a3b58cc825d05067636d1f1e4fdcb42b	ఆత్మరక్షణకు మనిషి అణ్వాయుధాలను కనిపెట్టాడు.		2	0	twenties	male_masculine	Andhra,Telangana		te	
d328f994e493b856989f2e208905450bf53f6b6afd382ce908d5fb15722c960985d4e225a82c5f942250d75f13839a3e94e3fab07164b77f486d0a19e9071382	common_voice_te_40116933.mp3	01013cf91453cee7edb15bf197572ce0c77e434a7ecfb5e92d199fbb917feac6	ఊరులు పల్లెలు నారులు		2	0	twenties	male_masculine	Andhra,Telangana		te	
d328f994e493b856989f2e208905450bf53f6b6afd382ce908d5fb15722c960985d4e225a82c5f942250d75f13839a3e94e3fab07164b77f486d0a19e9071382	common_voice_te_40116937.mp3	eb7a4295c20a1df381e98bd57812f07026fe1c3a428569f3434ad150605ad580	జిల్లా మొత్తం వర్షాలు పడ్డాయి.		2	0	twenties	male_masculine	Andhra,Telangana		te	
d328f994e493b856989f2e208905450bf53f6b6afd382ce908d5fb15722c960985d4e225a82c5f942250d75f13839a3e94e3fab07164b77f486d0a19e9071382	common_voice_te_40127040.mp3	ba3944e65888bc849a53d36a786a1993f93b063aebf26792562396299cd8bb49	దింతో అసలు విషయం వెలుగుచూసింది		2	0	twenties	male_masculine	Andhra,Telangana		te	
d328f994e493b856989f2e208905450bf53f6b6afd382ce908d5fb15722c960985d4e225a82c5f942250d75f13839a3e94e3fab07164b77f486d0a19e9071382	common_voice_te_40127041.mp3	8a9f2fdadd6074313253985fb2b60054dbcc54c82a922263fdbe5e05f31a9e3e	దేహయష్టి కాదు తెజస్సు ముఖ్యంబు		2	0	twenties	male_masculine	Andhra,Telangana		te	
d328f994e493b856989f2e208905450bf53f6b6afd382ce908d5fb15722c960985d4e225a82c5f942250d75f13839a3e94e3fab07164b77f486d0a19e9071382	common_voice_te_40127047.mp3	a112ce44b840a2a011e3f02200bcf585d2ce5f6820b55700398a1b9d62dd6c7d	ఇటీవల వర్షాలు బాగా కురిసాయి		2	0	twenties	male_masculine	Andhra,Telangana		te	
d328f994e493b856989f2e208905450bf53f6b6afd382ce908d5fb15722c960985d4e225a82c5f942250d75f13839a3e94e3fab07164b77f486d0a19e9071382	common_voice_te_40127049.mp3	3f982a9c47c5777a2ff9411167b43cd380799ef1bc4efb23f6797b3fc97aed93	బావి నీటిలోన ప్రతిబింబమును చూపి		2	0	twenties	male_masculine	Andhra,Telangana		te	
d328f994e493b856989f2e208905450bf53f6b6afd382ce908d5fb15722c960985d4e225a82c5f942250d75f13839a3e94e3fab07164b77f486d0a19e9071382	common_voice_te_40127056.mp3	488b82340fd607007ff1df0170ae2650ee959b666cb67eae4b9731dca3aa0725	చాలా చల్లగా ఉన్న శీతల పానీయాలను తాగకూడదు.		2	0	twenties	male_masculine	Andhra,Telangana		te	
d328f994e493b856989f2e208905450bf53f6b6afd382ce908d5fb15722c960985d4e225a82c5f942250d75f13839a3e94e3fab07164b77f486d0a19e9071382	common_voice_te_40127058.mp3	c582595d34b0cc9f7a36980fc880eb03a54d0f806059cf9aa8a0fd92a10afa05	ఘనత కూర్చు		2	0	twenties	male_masculine	Andhra,Telangana		te	
d328f994e493b856989f2e208905450bf53f6b6afd382ce908d5fb15722c960985d4e225a82c5f942250d75f13839a3e94e3fab07164b77f486d0a19e9071382	common_voice_te_40127074.mp3	27a5b3b4a83b9171e2aa46bde1e70723eb9eda2218ee15bcf4071492e4ec8aab	మంగళవారం నాడు నేను వేరే చోటికి పోతాను		2	0	twenties	male_masculine	Andhra,Telangana		te	
d328f994e493b856989f2e208905450bf53f6b6afd382ce908d5fb15722c960985d4e225a82c5f942250d75f13839a3e94e3fab07164b77f486d0a19e9071382	common_voice_te_40127084.mp3	ea1713a458dde41a088c055f1e49a25671cee9101ad5ea12cdad1f5ed3ca3a7b	చేయి దిరిగినట్టి శిలిపి యతడు		2	0	twenties	male_masculine	Andhra,Telangana		te	
a5ee7de1787c952040d904c9ea437f8b52a30ccf948dd08bccfdfb207553084624f92fdb7c118868db54b652d7b1519fb941ae02616998d0fe1b0aa5b699061e	common_voice_te_39171848.mp3	3c4ffc69e053494eb2bda3ad3262ba602b49a10454a7f93a0baa040027909c25	చెప్పనగు ధరిత్ర జీవన్మృతుం డని		2	0	sixties	male_masculine			te	
a5ee7de1787c952040d904c9ea437f8b52a30ccf948dd08bccfdfb207553084624f92fdb7c118868db54b652d7b1519fb941ae02616998d0fe1b0aa5b699061e	common_voice_te_39171861.mp3	8d7bcdfbe909ccc5dfabdbc27f054d489f609b273053936bcedc05d22d348a56	ఇవాళ మీ అందరికి ఒక కథ చెపుతాను		2	0	sixties	male_masculine			te	
a5ee7de1787c952040d904c9ea437f8b52a30ccf948dd08bccfdfb207553084624f92fdb7c118868db54b652d7b1519fb941ae02616998d0fe1b0aa5b699061e	common_voice_te_39171870.mp3	da8acfa4ee8ebc2e2b353e9d41482a4c258164f89e922047f045fe71333a99cd	కాకి గూడు		2	0	sixties	male_masculine			te	
a5ee7de1787c952040d904c9ea437f8b52a30ccf948dd08bccfdfb207553084624f92fdb7c118868db54b652d7b1519fb941ae02616998d0fe1b0aa5b699061e	common_voice_te_39171872.mp3	f78a11c087915fbc2d1e4d583da2deba7d108c30fbaaea86e3326b2e7774fb67	గహనమెంత అగ్ని కణమదెంత		2	0	sixties	male_masculine			te	
a5ee7de1787c952040d904c9ea437f8b52a30ccf948dd08bccfdfb207553084624f92fdb7c118868db54b652d7b1519fb941ae02616998d0fe1b0aa5b699061e	common_voice_te_39171902.mp3	f63589341d15eac70661fc2923962f1e1af88ecf2298ecded5d4c8f25e04d4a6	కలిమి గలుగ నేస్తకాండ్రు వేలకు వేలు		2	0	sixties	male_masculine			te	
a5ee7de1787c952040d904c9ea437f8b52a30ccf948dd08bccfdfb207553084624f92fdb7c118868db54b652d7b1519fb941ae02616998d0fe1b0aa5b699061e	common_voice_te_39171933.mp3	101854ac0e7f4206ccb30de4b0db6ea2eced629d4da730aa73f85d337bd9bd3d	ఈ ఖరీఫ్లో రాష్ట్రంలో వర్షాలు విస్తారంగా కురిసాయి		2	0	sixties	male_masculine			te	
a5ee7de1787c952040d904c9ea437f8b52a30ccf948dd08bccfdfb207553084624f92fdb7c118868db54b652d7b1519fb941ae02616998d0fe1b0aa5b699061e	common_voice_te_39171947.mp3	753d91c569154f29cc046192680f1fca2e851caa0cc3c28577ed1efa742d8661	గుండెపోటు రావడంతో ఆమె ప్రాణం కోల్పోయింది.		2	0	sixties	male_masculine			te	
a5ee7de1787c952040d904c9ea437f8b52a30ccf948dd08bccfdfb207553084624f92fdb7c118868db54b652d7b1519fb941ae02616998d0fe1b0aa5b699061e	common_voice_te_39171956.mp3	2e8b6bbc658e04fdccd4455a80ba89392db84e03b483ef6f3876da3488531d77	ప్రకాశం బ్యారేజిలోకి వరద పోటెత్తుతోంది		2	0	sixties	male_masculine			te	
a5ee7de1787c952040d904c9ea437f8b52a30ccf948dd08bccfdfb207553084624f92fdb7c118868db54b652d7b1519fb941ae02616998d0fe1b0aa5b699061e	common_voice_te_39171968.mp3	0680db753215cddedd3d2c5aa17648bd46712306aaaddb198642dd85583d6fbd	ప్రకృతి వైపరీత్యాల సమయంలో తీవ్ర ఇబ్బందులు పడుతున్నాం.		2	0	sixties	male_masculine			te	
a5ee7de1787c952040d904c9ea437f8b52a30ccf948dd08bccfdfb207553084624f92fdb7c118868db54b652d7b1519fb941ae02616998d0fe1b0aa5b699061e	common_voice_te_39171982.mp3	8c8a66d49b39f71837b83053cc9b7f8de2558f0e3e0126d63e9dddd4d6f33cd0	కాకి త్రాచుపాము గర్వ మడచె		2	0	sixties	male_masculine			te	
a5ee7de1787c952040d904c9ea437f8b52a30ccf948dd08bccfdfb207553084624f92fdb7c118868db54b652d7b1519fb941ae02616998d0fe1b0aa5b699061e	common_voice_te_39172008.mp3	d4417e05b95595a925430c282142ed9e619741fbff4014c3e1a6e29284c5fdd8	రచించినవారు జంధ్యాల పాపయ్య శాస్త్రి		2	0	sixties	male_masculine			te	
a5ee7de1787c952040d904c9ea437f8b52a30ccf948dd08bccfdfb207553084624f92fdb7c118868db54b652d7b1519fb941ae02616998d0fe1b0aa5b699061e	common_voice_te_39172027.mp3	4e59d18523459b5dc640ae18e3e9b0434bd9ae5a71938a9f164f20bc88b2f666	జవముచేత వెలుగు సైంధవంబు		2	0	sixties	male_masculine			te	
a5ee7de1787c952040d904c9ea437f8b52a30ccf948dd08bccfdfb207553084624f92fdb7c118868db54b652d7b1519fb941ae02616998d0fe1b0aa5b699061e	common_voice_te_39172046.mp3	00c104b06190356630414440183be6e5019c11a6152782f1bdc56418d63f56d3	తొందరపడకుము		2	0	sixties	male_masculine			te	
a5ee7de1787c952040d904c9ea437f8b52a30ccf948dd08bccfdfb207553084624f92fdb7c118868db54b652d7b1519fb941ae02616998d0fe1b0aa5b699061e	common_voice_te_39172064.mp3	5fc1f466e0c2f5cf208bc3395faf026378b46c5d9e04df3b133026c1b5959705	విషమహీజమునకు వెలయు రెండు		2	0	sixties	male_masculine			te	
a5ee7de1787c952040d904c9ea437f8b52a30ccf948dd08bccfdfb207553084624f92fdb7c118868db54b652d7b1519fb941ae02616998d0fe1b0aa5b699061e	common_voice_te_39172068.mp3	b5f3e2808c102db80f4927362a96ef1c889c641e12e4c926bc8d0077bcb03784	బీదసాద నెంతొ యాదరించి		2	0	sixties	male_masculine			te	
a5ee7de1787c952040d904c9ea437f8b52a30ccf948dd08bccfdfb207553084624f92fdb7c118868db54b652d7b1519fb941ae02616998d0fe1b0aa5b699061e	common_voice_te_39172288.mp3	74c620324694e564b090a5f36fd68156a0610cdb6d73d92fbcc69a39ae5010e1	సాక్షి ఆచూకీ తెలియరాలేదు		2	0	sixties	male_masculine			te	
a5ee7de1787c952040d904c9ea437f8b52a30ccf948dd08bccfdfb207553084624f92fdb7c118868db54b652d7b1519fb941ae02616998d0fe1b0aa5b699061e	common_voice_te_39172447.mp3	20985d9e0ee283ef2b5b596c4b845efef4e591c8edb3130596e7118eac9a70ec	తెలుగుబాల! శతకంజంధ్యాల పాపయ్య శాస్త్రి		2	0	sixties	male_masculine			te	
760d15af6f635c722819c84325e8889ca77a3eda0b24a06c222308612ce2277e82db5e76e29a516844032b57bbcddab9d9fda24e306db90287499de88d97b2cb	common_voice_te_38821717.mp3	3bfbe4f4c158d30848331bd3da4c83fd1adce640faa2235957ba18fac25520c3	అనారోగ్య లక్షణాలు కలిగిన వారికి ప్రత్యేక ఏర్పాట్లు చేశామన్నారు		4	0	twenties	male_masculine	guntur krishna delta region		te	
760d15af6f635c722819c84325e8889ca77a3eda0b24a06c222308612ce2277e82db5e76e29a516844032b57bbcddab9d9fda24e306db90287499de88d97b2cb	common_voice_te_38821731.mp3	132a61b2d133dc2d8785ee28d94d6f22d81431ddc3beb3f081d961dd94229205	కాకి చేసుకొన్న కర్మమేమి		4	0	twenties	male_masculine	guntur krishna delta region		te	
760d15af6f635c722819c84325e8889ca77a3eda0b24a06c222308612ce2277e82db5e76e29a516844032b57bbcddab9d9fda24e306db90287499de88d97b2cb	common_voice_te_38821732.mp3	af1aeab0628f25eca5775cf43f224971549d9b6329ae0c296dc7408b598b0496	కలిమి గలిగి		4	0	twenties	male_masculine	guntur krishna delta region		te	
760d15af6f635c722819c84325e8889ca77a3eda0b24a06c222308612ce2277e82db5e76e29a516844032b57bbcddab9d9fda24e306db90287499de88d97b2cb	common_voice_te_38821734.mp3	f9f1821afc0e1735be89f3f0bd52e0e57a4e0d09e6fbe3c6cd6b31929ea75318	ప్రవాహ వేగం స్వల్పంగా తగ్గింది		4	0	twenties	male_masculine	guntur krishna delta region		te	
760d15af6f635c722819c84325e8889ca77a3eda0b24a06c222308612ce2277e82db5e76e29a516844032b57bbcddab9d9fda24e306db90287499de88d97b2cb	common_voice_te_38821735.mp3	3e260113b6b9c45c8c9084288b0b922b5dacf90c5407eb40d5af68eaa9204a5c	గుండ్లకమ్మ వాగులో ట్రాక్టర్ కొట్టుకుపోయింది		4	0	twenties	male_masculine	guntur krishna delta region		te	
760d15af6f635c722819c84325e8889ca77a3eda0b24a06c222308612ce2277e82db5e76e29a516844032b57bbcddab9d9fda24e306db90287499de88d97b2cb	common_voice_te_38821775.mp3	a46edfc291ae64f0c62edc974f87b300b466d8ba4613298e9a070429e2ee96a4	పరీక్షకు నిమిషం ఆలస్యమైనా అనుమతించేది లేదన్నారు		4	0	twenties	male_masculine	guntur krishna delta region		te	
760d15af6f635c722819c84325e8889ca77a3eda0b24a06c222308612ce2277e82db5e76e29a516844032b57bbcddab9d9fda24e306db90287499de88d97b2cb	common_voice_te_38821787.mp3	f8d73863ac0a2189cc48b14a748c56d01f39555c673c63006c373de5724aa0af	సౌందర్యమును గల్లి		4	0	twenties	male_masculine	guntur krishna delta region		te	
760d15af6f635c722819c84325e8889ca77a3eda0b24a06c222308612ce2277e82db5e76e29a516844032b57bbcddab9d9fda24e306db90287499de88d97b2cb	common_voice_te_38821789.mp3	bff30e1a680cf7a342e9344a3475e23c7583b203aa5e64e046df86fbc6461198	అయితే సోమవారం వారు కార్యలయానికి రాలేదు		4	0	twenties	male_masculine	guntur krishna delta region		te	
760d15af6f635c722819c84325e8889ca77a3eda0b24a06c222308612ce2277e82db5e76e29a516844032b57bbcddab9d9fda24e306db90287499de88d97b2cb	common_voice_te_38821790.mp3	dadcc3786f942c913ced299b994c50d6a58bc2d1bf9f631a3bfc2db147b3f70d	తెలుగుసవ్యసాచి మన కృష్ణరాయుడు		4	0	twenties	male_masculine	guntur krishna delta region		te	
760d15af6f635c722819c84325e8889ca77a3eda0b24a06c222308612ce2277e82db5e76e29a516844032b57bbcddab9d9fda24e306db90287499de88d97b2cb	common_voice_te_38821792.mp3	de5a1680b168ed1d845831280bda615df6ffc1feaf7b59ae072dea7fa3bd7fae	అందమైన సూక్తి అరుణోదయంబట్లు		4	0	twenties	male_masculine	guntur krishna delta region		te	
760d15af6f635c722819c84325e8889ca77a3eda0b24a06c222308612ce2277e82db5e76e29a516844032b57bbcddab9d9fda24e306db90287499de88d97b2cb	common_voice_te_38821793.mp3	a1b423ce7fd599ebf374582dae94a2d3fb65eb17ea0cda7af951d1f38899e456	చిన్న పద్యమప్ప జెప్పలేడు		4	0	twenties	male_masculine	guntur krishna delta region		te	
760d15af6f635c722819c84325e8889ca77a3eda0b24a06c222308612ce2277e82db5e76e29a516844032b57bbcddab9d9fda24e306db90287499de88d97b2cb	common_voice_te_38821805.mp3	0a23cede57f4fc207441342258ef60792bbc5fe5ca3ce7223fede896f5c6e743	ఫీజు చెల్లించిన రోజు నుంచి సంవత్సరం పాటు క్లాసులు వినొచ్చు		4	0	twenties	male_masculine	guntur krishna delta region		te	
760d15af6f635c722819c84325e8889ca77a3eda0b24a06c222308612ce2277e82db5e76e29a516844032b57bbcddab9d9fda24e306db90287499de88d97b2cb	common_voice_te_38821855.mp3	2a5ccef412920e2ef3e07312773db8c8d82fd661925176357022fe7a16b1d653	తెలుగుబాల! శతకం		4	0	twenties	male_masculine	guntur krishna delta region		te	
760d15af6f635c722819c84325e8889ca77a3eda0b24a06c222308612ce2277e82db5e76e29a516844032b57bbcddab9d9fda24e306db90287499de88d97b2cb	common_voice_te_38821858.mp3	7dca2772aeb1ff0189088547dfc32af4becc736d8234d09167f2b48dffcd5b10	చచ్చి కూడ చీల్చి యిచ్చు తనువు		4	0	twenties	male_masculine	guntur krishna delta region		te	
760d15af6f635c722819c84325e8889ca77a3eda0b24a06c222308612ce2277e82db5e76e29a516844032b57bbcddab9d9fda24e306db90287499de88d97b2cb	common_voice_te_38821859.mp3	15aa2c80be39c4c9327536d21c05d6deb3f098dffa69309241032785284962cd	విరుల జేరి హరుని శిరసు నెక్కిన చీమ		4	0	twenties	male_masculine	guntur krishna delta region		te	
760d15af6f635c722819c84325e8889ca77a3eda0b24a06c222308612ce2277e82db5e76e29a516844032b57bbcddab9d9fda24e306db90287499de88d97b2cb	common_voice_te_38821861.mp3	ee7a5f04dda4880df72ae3ea36a276ca80544b9cf9425237626fbba4e7b92234	భాషితము వేరు		4	0	twenties	male_masculine	guntur krishna delta region		te	
760d15af6f635c722819c84325e8889ca77a3eda0b24a06c222308612ce2277e82db5e76e29a516844032b57bbcddab9d9fda24e306db90287499de88d97b2cb	common_voice_te_39106038.mp3	19d3ad2cf18b15cbcfcc18201a9ed3c8f70c2905ef7ce72086b0d6563ada37a4	కోకిలమ్మ చేసికొన్న పుణ్యంబేమి		2	0	twenties	male_masculine	guntur krishna delta region		te	
760d15af6f635c722819c84325e8889ca77a3eda0b24a06c222308612ce2277e82db5e76e29a516844032b57bbcddab9d9fda24e306db90287499de88d97b2cb	common_voice_te_39106045.mp3	1a0d64ab13caa7102b40d32077f2b437e7a460ac0ba48f0405598f0dcd41fd1c	సోమవారం వర్షం పడవచ్చు		4	0	twenties	male_masculine	guntur krishna delta region		te	
760d15af6f635c722819c84325e8889ca77a3eda0b24a06c222308612ce2277e82db5e76e29a516844032b57bbcddab9d9fda24e306db90287499de88d97b2cb	common_voice_te_39106046.mp3	f4315630ee293799aa886ed1f400a95cfc3a7348d9730b71730202097f23d5a2	అడవి గాల్చు వేళ నగ్నికి సాయమై		4	0	twenties	male_masculine	guntur krishna delta region		te	
760d15af6f635c722819c84325e8889ca77a3eda0b24a06c222308612ce2277e82db5e76e29a516844032b57bbcddab9d9fda24e306db90287499de88d97b2cb	common_voice_te_39106047.mp3	cb9c2297b65809c0373e97c023f4f9718c8b58ad13b14bbefbd970a3263f924d	చెడ్డవాని చెలిమి చిచ్చువోలె		4	0	twenties	male_masculine	guntur krishna delta region		te	
6eadb22dab2ab811ab54ba036b25da8bc184677b2695efbad2e753eea56558737da69d454ab70aed5f3e99ab464e26cef59dac114d7816cb1b0e88b316cbaa1e	common_voice_te_40112577.mp3	b198386bb27fb4225ea79a5a7247a29457559f99f2689d2cffef15e3c31927de	మూడు దశలు విత్తమునకు		4	0	twenties	male_masculine	native speaker,native language,Hyderabadi		te	
6eadb22dab2ab811ab54ba036b25da8bc184677b2695efbad2e753eea56558737da69d454ab70aed5f3e99ab464e26cef59dac114d7816cb1b0e88b316cbaa1e	common_voice_te_40112605.mp3	030d1b7495c89284e02f40b7c922f929b56b0ec5be820417ba733fd211243e58	జుట్టు జుట్టు పట్టి కొట్టుకొనిరి		4	0	twenties	male_masculine	native speaker,native language,Hyderabadi		te	
6eadb22dab2ab811ab54ba036b25da8bc184677b2695efbad2e753eea56558737da69d454ab70aed5f3e99ab464e26cef59dac114d7816cb1b0e88b316cbaa1e	common_voice_te_40112708.mp3	cd68b29baa7f609965796bf5efb709b993b6cd32e71cc8f93226fd21fa7e40b9	తగు నుపాయమున్న తప్పు నపాయంబు		8	0	twenties	male_masculine	native speaker,native language,Hyderabadi		te	
6eadb22dab2ab811ab54ba036b25da8bc184677b2695efbad2e753eea56558737da69d454ab70aed5f3e99ab464e26cef59dac114d7816cb1b0e88b316cbaa1e	common_voice_te_40112735.mp3	f8cac1be03f98f7848a8ea07d7a475512d21cb98b8aded96a85e377a9805f08b	రత్నమాల పుట్ట రంధ్రాన పడవైచి		4	0	twenties	male_masculine	native speaker,native language,Hyderabadi		te	
6eadb22dab2ab811ab54ba036b25da8bc184677b2695efbad2e753eea56558737da69d454ab70aed5f3e99ab464e26cef59dac114d7816cb1b0e88b316cbaa1e	common_voice_te_40112816.mp3	0103e28d8a7d03fb38c1f6ed66c491873d6a749d8a2522698d4f2433b32b5808	బలవంతుడని		4	0	twenties	male_masculine	native speaker,native language,Hyderabadi		te	
6eadb22dab2ab811ab54ba036b25da8bc184677b2695efbad2e753eea56558737da69d454ab70aed5f3e99ab464e26cef59dac114d7816cb1b0e88b316cbaa1e	common_voice_te_40112833.mp3	a2b8455dfd767310b77b457663c05758fdc8271cc359f63076e14226da053ca7	సహజ గుణము లివ్వి చవట విద్యార్థికి		4	0	twenties	male_masculine	native speaker,native language,Hyderabadi		te	
6eadb22dab2ab811ab54ba036b25da8bc184677b2695efbad2e753eea56558737da69d454ab70aed5f3e99ab464e26cef59dac114d7816cb1b0e88b316cbaa1e	common_voice_te_40885981.mp3	a7f6dc64458b6eb67dee9ab18b53d29eba1da44e305d8d3c9e6d5824fa89e147	అడుసు త్రొక్కి కాలు కడుగుటేల		8	0	twenties	male_masculine	native speaker,native language,Hyderabadi		te	
6eadb22dab2ab811ab54ba036b25da8bc184677b2695efbad2e753eea56558737da69d454ab70aed5f3e99ab464e26cef59dac114d7816cb1b0e88b316cbaa1e	common_voice_te_40886097.mp3	90a540e1e4f2b3f7d20bb69612c09dc0d27200f8c7ffd8733266e0975057800f	స్వార్థపరతకంటె చావులేదు		4	0	twenties	male_masculine	native speaker,native language,Hyderabadi		te	
6eadb22dab2ab811ab54ba036b25da8bc184677b2695efbad2e753eea56558737da69d454ab70aed5f3e99ab464e26cef59dac114d7816cb1b0e88b316cbaa1e	common_voice_te_40894744.mp3	222814a165178811c7cca05f88f122b58fe080198dfc94c6720772ac0bd569e4	పెద్ద పెద్ద బండలను తొలిచి ధ్వజస్తంభం ఆకృతులుగా మలుస్తారు		4	0	twenties	male_masculine	native speaker,native language,Hyderabadi		te	
6eadb22dab2ab811ab54ba036b25da8bc184677b2695efbad2e753eea56558737da69d454ab70aed5f3e99ab464e26cef59dac114d7816cb1b0e88b316cbaa1e	common_voice_te_40894746.mp3	000e33a8c6fe0e6a7bc242e17ff20012c11203823e2c7f2a0292329bf62c6f28	కుమార శతకము		4	0	twenties	male_masculine	native speaker,native language,Hyderabadi		te	
6eadb22dab2ab811ab54ba036b25da8bc184677b2695efbad2e753eea56558737da69d454ab70aed5f3e99ab464e26cef59dac114d7816cb1b0e88b316cbaa1e	common_voice_te_40894900.mp3	00390e98d63b392737b086d172d57b18d225cf32585ec8577abf7125080a8ad3	దాడి చేయు వాడె		4	0	twenties	male_masculine	native speaker,native language,Hyderabadi		te	
6eadb22dab2ab811ab54ba036b25da8bc184677b2695efbad2e753eea56558737da69d454ab70aed5f3e99ab464e26cef59dac114d7816cb1b0e88b316cbaa1e	common_voice_te_40894943.mp3	1c1d46772fd93809d3d6c765de898cfc2333e5bce0859e6d23c5ff7381428e7e	దేవతలకు నిడక తినెడివాని		4	0	twenties	male_masculine	native speaker,native language,Hyderabadi		te	
6eadb22dab2ab811ab54ba036b25da8bc184677b2695efbad2e753eea56558737da69d454ab70aed5f3e99ab464e26cef59dac114d7816cb1b0e88b316cbaa1e	common_voice_te_40903844.mp3	380f09e1a1faa873e3ca7b72b4279c13454d4c92b3c1449cb4315f9a14021c85	చదువొక్కటే కాదు ఆటలు కూడా ముఖ్యమే		4	0	twenties	male_masculine	native speaker,native language,Hyderabadi		te	
6eadb22dab2ab811ab54ba036b25da8bc184677b2695efbad2e753eea56558737da69d454ab70aed5f3e99ab464e26cef59dac114d7816cb1b0e88b316cbaa1e	common_voice_te_40903915.mp3	24fcb30f30cc8d60db2eff6d9f5a8c0177083423dff1be439f90b3030f87968c	బాలమానసముల మేలుకొల్పు		4	0	twenties	male_masculine	native speaker,native language,Hyderabadi		te	
6eadb22dab2ab811ab54ba036b25da8bc184677b2695efbad2e753eea56558737da69d454ab70aed5f3e99ab464e26cef59dac114d7816cb1b0e88b316cbaa1e	common_voice_te_40903932.mp3	025d43f91172af1009b793cae14293bc0a0141f8cb2c6a3c4a5100b1033c2bb3	నేమిఫలంబు చేదువిడ		4	0	twenties	male_masculine	native speaker,native language,Hyderabadi		te	
6eadb22dab2ab811ab54ba036b25da8bc184677b2695efbad2e753eea56558737da69d454ab70aed5f3e99ab464e26cef59dac114d7816cb1b0e88b316cbaa1e	common_voice_te_40903937.mp3	01734f034eed408bd848fafc77810567549be84858e55645e8f058d839705420	చతురుదైన		4	0	twenties	male_masculine	native speaker,native language,Hyderabadi		te	
6eadb22dab2ab811ab54ba036b25da8bc184677b2695efbad2e753eea56558737da69d454ab70aed5f3e99ab464e26cef59dac114d7816cb1b0e88b316cbaa1e	common_voice_te_40903939.mp3	0154d2437f0ef588770780ed805e9bc80062e6e89c5346bd4bc81a3759de085c	మఱువరాదు		4	0	twenties	male_masculine	native speaker,native language,Hyderabadi		te	
6eadb22dab2ab811ab54ba036b25da8bc184677b2695efbad2e753eea56558737da69d454ab70aed5f3e99ab464e26cef59dac114d7816cb1b0e88b316cbaa1e	common_voice_te_40903958.mp3	0274dd081d73bc35d860f9eb973aa20f83b6fe4c19f481440402c3000852d42b	ప్రజలు రేబవళ్ళు పలుకు భాష		4	0	twenties	male_masculine	native speaker,native language,Hyderabadi		te	
6eadb22dab2ab811ab54ba036b25da8bc184677b2695efbad2e753eea56558737da69d454ab70aed5f3e99ab464e26cef59dac114d7816cb1b0e88b316cbaa1e	common_voice_te_41074884.mp3	01fed1f9a0e09e95af2e90000fe727463d7504b66b7de1c02ca70580ea406e16	స్వాతంత్ర మనరాదు		4	0	twenties	male_masculine	native speaker,native language,Hyderabadi		te	
6eadb22dab2ab811ab54ba036b25da8bc184677b2695efbad2e753eea56558737da69d454ab70aed5f3e99ab464e26cef59dac114d7816cb1b0e88b316cbaa1e	common_voice_te_41074895.mp3	01109e5c49d16400a00a20fe4696fc0345538270954e8551c9de6d7c66cd1d62	నీదు కరుణ లేక నేర్పులు కొరగావు		8	0	twenties	male_masculine	native speaker,native language,Hyderabadi		te	
6eadb22dab2ab811ab54ba036b25da8bc184677b2695efbad2e753eea56558737da69d454ab70aed5f3e99ab464e26cef59dac114d7816cb1b0e88b316cbaa1e	common_voice_te_41074898.mp3	25b232d31c6a95971a8b77f8cbe26281dd02c1c9c72719302e9ddeb57469810e	మదగజమ్ము వీడి		4	0	twenties	male_masculine	native speaker,native language,Hyderabadi		te	
